district_id,name,site_code,longitude,latitude
30,Balaka District Hospital,BDH,-14.98514,34.94953
30,Balaka Dream Clinic,BDC,,
30,Balaka OPD Health Centre,BKOP,-14.99119,34.96164
30,Chiendausiku Health Centre,CYDU,-15.01858,35.07647
30,Chimatilo Health Centre,CHIM,,
30,Comfort Clinic,CMFT,,
30,Kalembo Health Centre,KLBO,-14.85814,35.17619
30,Kankao Health Centre,KNKO,-15.05433,34.9227
30,Kwitanda Health Centre,KTDA,-15.06219,35.09287
30,Mbera Health Centre,MBRA,-14.91064,35.0537
30,Namanolo Health Centre,NMNO,-15.00067,35.19005
30,Namdumbo Health Centre,NDBO,,
30,Phalula Health Centre,PHAC,-15.22547,34.89331
30,Phimbi Health Centre,PBHC,-15.25092,35.10711
30,Ulongwe Health Centre,ULHC,-14.86197,35.17667
30,Utale 1 Health Centre,UTH,-15.17753,35.06433
30,Utale 2 Health Centre,UTHC,-15.16847,35.07
14,AMECCA Chilaweni Health centre,AMEQ,,
14,Bangwe Health Centre,BGWE,-15.82383,35.08047
14,Bangwe Madina Health Centre,BMAC,,
14,Blantyre Adventist Hospital,BAH,,
14,Blantyre City Assembly Clinic,BCAC,-15.80328,35.03403
14,Blantyre District Health Office,BDHO,,
14,Blantyre Dream Project,BDP,,
14,Blantyre Water Board Clinic,BWBC,,
14,BLM Lunzu,LBLM,,
14,Carlsberg / Sobo Clinic Blantyre,CSCB,,
14,Central East African Railways Clinic,CEAR,,
14,Chavala Health Centre,CVAL,-15.83414,34.83422
14,Chichiri ESCOM Clinic,ESCB,,
14,Chichiri Prison Clinic,CPC,,
14,Chichiri Prison Clinic,CPC,,
14,Chikowa Health Centre,CKOW,-15.67142,34.871
14,Chileka Health Centre Blantyre,CHCB,-15.68233,35.23722
14,Chileka SDA Health Centre,CSDA,-15.65989,34.92892
14,Chilomoni Health Centre,CILO,-15.77128,34.9815
14,Chilomoni Private Clinic,CHQM,,
14,Chimembe Health Centre,CMBE,-15.77736,34.88533
14,Chirimba Health Centre,CHIR,,
14,Chitawira Private Hospital,CPH,,
14,College of Medicine Private Clinic,COMQ,,
14,Dziwe Health Centre,DZWE,-15.56353,34.88053
14,El-Barakah Private Clinic,EQRB,,
14,Gateway Clinic,GACL,,
14,Kadidi Health Centre,KADI,,
14,Kanjedza Police Clinic,KPC,,
14,Kapeni Dream Centre,KPND,,
14,Lafarge Cement Clinic,LFGE,,
14,Limbe Diagnostic Centre,LDC,,
14,Limbe Health Centre,LHC,-15.81681,35.052
14,Limbe Leaf Tobacco Clinic Limbe,LLTB,,
14,Lirangwe Health Centre,LARI,-15.52939,35.02975
14,Lumbira / Mitsidi Health Centre,LMHC,-15.27694,34.96861
14,Lundu Health Centre,LDUH,-15.42172,35.01303
14,Lungu Private Clinic,LUNP,,
14,MACRO Blantyre,MCRB,-15.783,35.005
14,Madziabango Health Centre,MDAG,-15.96817,34.91058
14,Makata Dispensary Ndirande,MKTD,-15.63006,35.07975
14,Makata Health Centre Lunzu,MAKT,,
14,Makhetha Clinic,MKTA,,
14,Malabada Health Centre,MLBD,-15.76495,35.04441
14,Malamulo Day Clinic,MALD,,
14,Malmed Private Clinic,MMED,,
14,MASM Medi Clinic Limbe,MASL,,
14,Mbayani Health Centre,MQBY,,
14,Mdeka Health Centre,MDKH,-15.46778,34.94272
14,Medicare City Centre Clinic / City Centre Clinic / Makadam Pvt Clinic,CHC,,
14,Merit Private Clinic,MQRT,,
14,Mlambe Mission Hospital,MLBE,-15.64478,35.01725
14,Moyo Private Clinic,UMOY,,
14,Mpemba Health Centre,MPEM,-15.87492,34.95653
14,Mpingo Maternity,MPI,,
14,Mtengoumodzi Private Hospital,MTGU,,
14,Mwachira Private Clinic,MRPC,,
14,Mwaiwathu Private Hospital,MWAI,,
14,Namikoko Health Centre,NKHC,-15.48681,35.07375
14,Nancholi Youth Organisation Clinic,NANQ,,
14,Ndirande Health Centre,NDRH,-15.77833,35.03975
14,Nyambadwe Private Hospital,NBPH,,
14,Pace Clinic,PACC,,
14,Pensulo Health Centre,PENS,,
14,Polytechnic Blantyre,PBC,,
14,Queen Elizabeth Central Hospital,QECH,-15.80208,35.02072
14,Sanjika Clinic,SAJC,,
14,Shifa Private Clinic,SHFA,,
14,Soche Adventist Health Centre,SOCA,-15.8105,35.06378
14,Soche Maternity,SOM,-15.85767,35.0275
14,Sos Childrens Village Blantyre,SOSB,,
14,South Lunzu Health Centre,SL,-15.72678,35.05472
14,St Vincent Health Centre Chadzunda,CZDA,,
14,Umunthu Foundation Clinic,UMUQ,,
14,Unilever South East Company Clinic,USEC,,
14,United Bus Company Clinic,UBCC,,
14,Zingwangwa Health Centre,ZHC,-15.81803,34.99822
27,Alumenda Health Centre,ALMD,,
27,Bereu Health Post,BUR,,
27,Chapananga Health Centre,CPNG,-15.80778,34.38872
27,Chikwawa District Hospital,CDHC,-16.02345,34.79275
27,Chipwaila Health Centre,CPWL,-14.46669,34.87294
27,Chithumba Health Centre,CHEC,,
27,Dolo Health Centre,DOLO,-16.47836,34.72347
27,Gaga Health Centre,GAGA,-15.80778,34.37203
27,Kakoma Health Centre,KKMA,-16.00547,34.48569
27,"Kalulu Health Centre, Chikwawa",KLLU,,
27,Kapichira ESCOM Clinic,KESC,-15.78628,35.03414
27,Lengwe Health Centre,LEGW,-16.28642,34.83881
27,Majete (Epicenter) Health Centre,MAJT,,
27,Makhwira Health Centre,MKWR,-16.02525,34.78955
27,Mangulenje Health Centre,MGLJ,,
27,Mapelera Health Centre,MPLH,-16.10539,34.91558
27,Mfera Health Centre,MFEL,-16.0655,34.86707
27,Misomali Health Centre,MSML,-16.00547,34.48569
27,Mkumaniza Health Centre,MKUM,-16.00547,34.48569
27,Mwanza Clinic Area 3,MZAC,,
27,Ndakwera Health Centre,NDKH,-16.22361,34.68886
27,Ngabu Rural Hospital,NRH,-16.45947,34.89247
27,Ngabu SDA Health Centre,NGSD,-16.46264,34.87903
27,Nkombedzi Health Centre,NKMC,,
27,St Montfort Hospital,SMMH,-16.25656,34.86875
27,Sucoma Clinic Illovo,SIC,,
11,Akasale Private Cinic,AKQS,,
11,Bilal Clinic,BLAL,-15.73978,35.13047
11,Bilal Clinic,BLAL,-15.73978,35.13047
11,Chimwawa Health Centre,CHIW,,
11,Chiradzulu District Hospital,CRDZ,-15.69708,35.18756
11,Chitera Health Centre,CTER,-15.60667,35.12289
11,Chitera Health Centre,CTER,-15.60667,35.12289
11,Mauwa Health Centre,MUWA,-15.65283,35.25014
11,Mauwa Health Centre,MUWA,-15.65283,35.25014
11,Mbulumbuzi Health Centre,MBLZ,-15.63875,35.15686
11,Mbulumbuzi Health Centre,MBLZ,-15.63875,35.15686
11,Milepa Health Centre,MLPA,-15.68706,35.31881
11,Milepa Health Centre,MLPA,-15.68706,35.31881
11,Namadzi Health Centre,NMDZ,-15.54669,35.18767
11,Namadzi Health Centre,NMDZ,-15.54669,35.18767
11,Namitambo Health Centre,NMTH,-15.84119,35.27036
11,Namitambo Health Centre,NMTH,-15.84119,35.27036
11,Ndunde Health Centre,NDEH,-15.69636,35.23344
11,Ndunde Health Centre,NDEH,-15.69636,35.23344
11,Nkalo Health Centre,NKLO,-15.97067,35.31022
11,Nkalo Health Centre,NKLO,-15.97067,35.31022
11,PIM Health Centre,PIMH,,
11,St Joseph Mission Hospital Nguludi,SJMH,-15.80178,35.1688
11,Thumbwe Health Centre,TBHC,-15.76559,35.24878
11,Thumbwe Health Centre,TBHC,-15.76559,35.24878
1,Chambo Health Centre,CMBO,-9.943944,33.39797
1,Chisasu Health Post,CASU,,
1,Chitipa District Hospital,CDH,-9.785277,33.26611
1,Ifumbo Health Centre,IFBO,-9.604445,33.40472
1,Kameme Health Centre,KMME,-9.544139,33.13122
1,Kapenda Health Centre,KPDA,-9.494555,33.24908
1,Kaseye Mission Hospital,KSYE,-9.666389,33.37389
1,Mahowe Health Centre,MAHQ,,
1,Misuku Health Centre,MSKU,-9.679667,33.52075
1,Nthalire Health Centre,NTAR,-10.34906,33.64375
1,Wenya Health Centre,WEHC,-10.11278,33.56333
23,Bembeke Health Centre,BMBK,-14.35831,34.42453
23,Chikuse Health Centre,CKSE,-14.1505,34.3187
23,Chimoto Health Centre,CMTO,-14.44281,34.00997
23,Chiphwanya St Joseph Health Centre,CPWY,-14.07644,34.25883
23,Chitowo Health Centre,CTWO,-14.22392,34.04042
23,Chongoni Health Centre,CONI,-14.323,34.26661
23,Dedza District Hospital,DZAH,-14.38359,34.33354
23,Dzindevu Health Centre,DZDV,-14.20039,34.36017
23,FPAM Clinic Dedza,FPAD,,
23,Golomoti Health Centre,GLMT,-14.41286,34.60089
23,Kafele Health Centre,KFEL,-14.43172,33.71767
23,Kalulu Health Centre,KALH,-13.99708,34.19894
23,Kanyama Health Centre,KYMA,-14.2395,34.3237
23,Kanyezi Health Centre,KNZ,-14.39033,34.0718
23,Kaphuka Health Centre,KPHA,-14.04406,34.3055
23,Kasina Health Centre,KSNA,-14.14011,34.1315
23,Kaundu Health Centre,KUDU,-14.18,35.44472
23,Lobi Rural Hospital,LBRH,-14.39033,34.07183
23,Matumba Health Centre,MTBA,-14.37272,33.90606
23,Mayani Health Centre,MYNI,-14.09714,34.25294
23,Mganja Health Centre,MGJA,,
23,Mikondo Dispensary,MKDO,-14.44719,32.93953
23,Mphati Health Centre,MPHT,-14.45547,34.07678
23,Mphunzi Health Centre,MPZH,-14.37822,34.17522
23,Mtakataka Health Centre,MTAK,-14.2275,34.51495
23,Mtendere Health Centre,MTDR,-14.313,34.083
23,Mua Mission Hospital,MUAH,-14.28278,34.50933
23,Nakalazi Health Centre,NKZH,-14.20261,34.54892
23,Police College Health Centre Mua,PCHC,-14.22589,34.51142
23,Tiyese Private Maternity,TIY,,
23,Tsoyo Dispensary,TSOY,-14.14775,34.16122
12,Bowe Health Centre,BOWE,-13.27881,33.68406
12,Chakhadza Health Centre,CKZ,-13.44431,33.64683
12,Chankhungu Health Centre,CNGU,-13.765,34.01469
12,Chinkhwiri Health Centre,CKWR,-13.38558,33.72078
12,Chisepo Health Centre,CSPO,-13.63475,33.47039
12,Chizolowondo Health Centre,CZLW,-13.46057,33.51317
12,Dowa District Hospital,DDH,-13.65508,33.93689
12,Dzaleka Health Centre,DLKA,-13.66478,33.86817
12,Dzoole Health Centre,DZLE,-13.58522,33.66195
12,FPAM Clinic Dowa,FPCD,,
12,Kasese Health Centre,LNKS,-13.33052,33.57617
12,Kayembe Health Centre,KYBE,-14.85478,35.57203
12,Madisi Mission Hospital,MDMH,-13.40708,33.60725
12,Mbingwa Health Centre,MBGW,-13.54417,33.51495
12,Mponela Rural Hospital,MPO,-13.53253,33.73761
12,Msakambewa Health Centre,MSKB,-13.55297,33.89711
12,Mtengowanthenga Community Hospital,MTGC,-13.67128,33.77133
12,Mtengowanthenga Dream Project,MTGD,,
12,Mvera Army Camp,MAMC,-13.77958,34.13983
12,Mvera Mission Hospital,MVER,-13.73686,34.12839
12,Mwangala Health Centre,MALA,-13.48733,33.92339
12,Nalunga Mafika Health Centre,NLGH,,
12,Thonje Health Centre,TOHC,-13.72483,34.23739
4,Atupele Health Centre,AHC,-9.734133,33.83746
4,BLM Karonga,BLMK,-9.940556,33.92417
4,Care Private Clinic And Dental Surgery,CCDS,,
4,Chilumba Barracks Clinic,CBC,-10.38742,34.20869
4,Chilumba Rural Hospital,CRBH,-10.43222,34.25139
4,Fulirwa Health Centre,FLRW,-10.44778,34.11444
4,Iponga Health Centre,IPOG,-9.645833,33.8125
4,Kaporo Rural Hospital,KRH,-9.767222,33.87444
4,Karonga District Hospital,KRGA,-9.955,33.91139
4,Kasoba Health Centre,KSBA,-9.87361,33.87028
4,Lupembe Health Centre,LPME,-10.06611,33.98778
4,Lwezga Health Centre,LWZA,-10.56667,34.17944
4,Mpata Health Centre,MPTA,-9.960556,33.815
4,Ngana Health Centre,NGAH,-9.62,33.69917
4,Nyungwe Health Centre,NYHC,-10.285,34.10833
4,Sangilo Health Centre,SOHC,-10.51594,34.21325
4,St Anne's Health Centre,SAHC,-10.41189,34.21158
4,Wiliro Health Centre,WIHC,-9.893056,33.61389
2,Bua Dispensary,BUAD,-13.29372,33.5385
2,Chamwabvi Dispensary,CMWV,-13.10758,33.68531
2,Chulu Health Centre,CULU,-12.82186,33.30828
2,Dwangwa Health Centre,DGWA,-12.88164,33.454
2,FPAM Clinic Kasungu,FPAK,,
2,Gogode Dispensary,GGDE,-12.88783,33.56153
2,Kalikeni Private Clinic,KLKN,,
2,Kaluluma Rural Hospital,KLRH,-12.58119,33.51883
2,Kamboni Health Centre,KBNI,-13.30758,33.18172
2,Kamuzu Academy Clinic,KCC,,
2,Kapelula Health Centre,KPLA,-12.87775,33.87094
2,Kasalika Health Centre,KSRK,,
2,Kasungu District Hospital,KDH,-13.03617,33.47984
2,Kawamba Health Centre,KWBA,-13.296,33.339
2,Khola Health Centre,KHOL,-13.34414,33.31725
2,Linyangwa Health Centre,LNYG,-13.14381,33.30036
2,Lodjwa Health Centre,LJWA,-12.41892,33.52945
2,Mdunga Health Centre,MDGA,-12.99043,33.85182
2,Mkhota Rural Growth Health Centre,NRGC,-13.56675,33.34358
2,Mnyanja Health Centre,MNYJ,,
2,Mpepa Health Centre,MPPA,-12.62111,33.32722
2,Mtunthama Health Centre,MTHC,-13.03158,33.68245
2,Mziza Health Centre,MZAH,-13.27933,33.50431
2,Newa / Mpasazi Health Centre,NEWH,,
2,Nkhamenya Community Hospital,NCMH,-12.56603,33.50136
2,Ofesi Dispensary,OFD,-12.7795,33.54881
2,Santhe Health Centre,STHC,-13.46694,33.394
2,Simulemba Health Centre,SMHC,-12.74092,33.67669
2,St Andrews Clinic,SAC,-13.03294,33.67125
2,St Augustine Health Centre,STAQ,,
2,St Faith Anglican Clinic,FAIT,,
2,Wimbe Health Centre,WHC,-12.99122,33.68697
2,Yankho Private Clinic,OQHK,,
17,St Mary's Chisumulu Health Centre,SMCH,-12.02908,34.62419
17,St Peters Mission Hospital,SPMH,-12.06483,34.73642
18,Adventist Health Centre Lilongwe,AHCL,,
18,African Bible College Clinic,ABCC,,
18,Airwing Clinic,AIRW,,
18,Alliance One Clinic,ALOC,,
18,Area 18 Health Centre,AREH,-13.941,33.781
18,Area 18 Medi Clinic,MEDI,,
18,Area 25 Health Centre,ARHC,-13.89242,33.77389
18,Area 30 Police Clinic,APC,-13.92775,33.78439
18,Area 36 Private Clinic,QAND,,
18,Auction Holdings Limited Clinic Kanengo,AHCK,,
18,Baylor Childrens Centre Of Excellence In Malawi,BCCE,,
18,Bethsaida Private Hospital,BETP,,
18,Blessings Hospital,BH,,
18,Bunda College,BCC,,
18,Bwaila Hospital,BWIR,-13.99103,33.77478
18,Carlsberg / Sobo Clinic Lilongwe,CSCL,,
18,Central Health Clinic Area 47,CENH,,
18,Chadza Health Centre,CDZA,-14.14731,33.8415
18,Chikowa Health Centre Lilongwe,CKWA,-13.72947,33.45819
18,Chileka Health Centre Lilongwe Static Art,CLKA,-14.02122,33.38564
18,Chileka Health Centre Lilongwe Static Art,CLKA,-14.02122,33.38564
18,Chilobwe Majiga Health Centre,CMHC,-13.85467,33.37442
18,Chimbalanga Health Centre,CMLG,-13.93633,34.12411
18,Chioza Health Centre,IOZA,,
18,Chitedze Health Centre,CTDZ,-13.97686,33.64528
18,Chiunjiza Health Centre,CUJZ,-14.40553,33.66864
18,Chiwamba Health Centre,CWBA,-13.85708,33.92892
18,City Centre Clinic,CCC,,
18,Daeyang Luke Hospital,DYLH,-13.87369,33.80896
18,Diamphwi Health Centre,DPWI,-14.13436,34.08153
18,Dickson Health Centre,DKSN,-14.26653,33.65881
18,Discovery Medi Clinic,DMDC,,
18,Dr David Livingstone Memorial Clinic,DLMC,,
18,Dzenza Health Centre,DZEZ,-13.87592,33.74706
18,ESCOM Clinic Lilongwe,ESCL,,
18,Fidelity Private Clinic,FPCH,,
18,FPAM Clinic Kawale,FPQK,,
18,Good Hope Private Clinic,GHPC,,
18,JTI Leaf Clinic Kanengo,ALCK,,
18,Kabudula Rural Hospital,KBDL,-13.81967,33.44864
18,Kachere Private Clinic,KAPC,,
18,Kamuzu Barracks,KB,,
18,Kamuzu Central Hospital,KCH,-13.97686,33.78586
18,Kanengo Tobacco Processors Clinic,KTPC,,
18,Kang'oma Health Centre,KGMA,-13.97819,33.88197
18,Katchale Health Centre,KTLE,-13.03611,33.48053
18,Kawale Health Centre,KWLH,-11.64417,34.10944
18,Kawale Medical Services,KMS,,
18,Khongoni Health Centre,KGON,-13.7745,33.3675
18,Lighthouse,LH,,
18,Likuni Mission Hospital,LMH,-14.02761,33.7085
18,Lilongwe City Assembly Chinsapo,LCAC,-14.01322,33.73167
18,Lilongwe District Health Office,LLDH,,
18,Lilongwe Health Clinic,LIHC,,
18,Lilongwe Private Clinic,LPP,,
18,Limbe Leaf Tobacco Clinic Lilongwe,LLTL,,
18,Lingadzi Private Clinic,LGAZ,,
18,Lumbadzi Health Centre,LBDZ,-13.77081,33.805
18,MACRO Lilongwe,MCRL,,
18,Malembo Health Centre Lilongwe,MHCL,-13.61989,33.41481
18,Malingunde Health Centre,MLGD,-14.16872,33.6395
18,Maluwa Health Centre,MWHC,-14.26294,33.87378
18,MARS Clinic,MRSC,,
18,MASM Area 43,MASM,,
18,MASM Medi Clinic Lilongwe,MSCL,,
18,Matapila Health Centre,MTPL,-14.01103,33.97522
18,Maula Prison Health Centre,MAUP,,
18,Maziko Private Clinic,MAZC,,
18,Mbabvi Health Centre,MBVI,-13.92783,33.67092
18,Mbang'ombe 1 Health Centre,MBG,-14.16958,33.37925
18,Mbang'ombe 2 Health Centre,MGBE,-13.73694,33.71392
18,Mbwatalika Health Centre,MBTL,-14.00372,33.55091
18,McGuire Wellness Center (Child Legacy),MCG,,
18,Ming'ongo Health Centre,MGOG,-14.07503,33.44833
18,Mitundu Community Hospital,MTCH,-14.24825,33.77444
18,Mlale Mission Hospital,MLLE,-14.23028,33.75644
18,Mlolera Womens Clinic,MLWC,,
18,Mtenthera Health Centre,MTTL,-14.10853,34.0055
18,Nambuma Health Centre,NMBU,-13.72611,33.558
18,Nathenje Health Centre,NTJH,-14.08189,33.90778
18,Ndaula Health Centre,ULAH,-14.13844,33.50761
18,New State House Dispensary,NSHD,-13.96031,33.85086
18,Ngoni Health Centre,NGOH,-13.77492,33.64022
18,Nkhalango Clinic,NKLC,,
18,Nkhoma Mission Hospital,NMH,-14.04406,34.10308
18,Nsaru Health Centre,NSAH,-13.88531,33.50444
18,Nthondo Health Centre Lilongwe,NDHC,-14.02869,33.44989
18,Nyamanda Private Clinic,NYPC,,
18,Partners In Hope Clinic,PIHC,-14.02365,33.78791
18,SOS Clinic,SOSL,,
18,Ssh,SSHC,,
18,St Gabriel Mission Hospital,SGMH,-13.98439,33.35094
18,Tachira Private Clinic,TPC,,
18,The Clinic,TCLC,,
18,Ukwe Health Centre,UKHC,-13.82592,33.60155
18,Umoyo Private Clinic,QUMO,,
5,Chamba Dispensary,CBDA,-15.20236,35.42136
5,Chikweo Health Centre,CKWO,-14.76461,35.66819
5,Gawanani Health Centre,GWNN,-15.22381,35.20311
5,Kawinga Health Centre,KWGA,-13.29556,33.33928
5,Liwonde Medical Clinic,LMDC,-15.06797,35.22478
5,Machinga District Hospital,MACH,-15.06222,35.22611
5,Machinga Health Centre,MCGH,-15.17742,35.29564
5,Mangamba Health Centre,MGBA,,
5,Mbonechera Health Centre,MBNQ,-14.88944,35.47825
5,Mkwepere Health Centre,MKWP,,
5,Mlomba Health Centre,MLBA,,
5,Mpiri Health Centre,MPHC,-14.77253,35.60706
5,Mposa Health Centre,MPSA,-15.14917,35.51833
5,Namandanje Health Centre,NMDA,-14.88214,35.48328
5,Namanja Health Centre,NMJH,-14.96444,35.67944
5,Nayinunje Health Centre,NAHC,-14.74047,35.56517
5,Nayuchi Health Centre,NAYH,-14.97556,35.53417
5,Ngokwe Health Centre,NKWH,-14.70683,35.80175
5,Nsanama Health Centre,NNMC,-14.99486,35.49478
5,Ntaja Health Centre,NHCM,-14.86814,35.5295
5,Ntholowa Health Centre,NTLW,,
5,Nyambi Health Centre,NIHC,-14.68994,35.5725
3,Assalaam Clinic,ASLM,,
3,Billy Riordan Memorial Health Clinic,BRMC,,
3,Chikole Dispensary,CKLE,-14.42211,35.38417
3,Chilipa Health Centre Mangochi,CLPA,-14.70278,34.97389
3,Chilonga Health Centre,CHGA,-14.46426,34.87112
3,Chiponde Health Centre,CHIP,-14.37328,35.60158
3,Chiumbangame Health Centre,CAME,-14.31889,35.555
3,Chiunda Health Centre,CUDA,,
3,Iba Health Centre,IBA,-14.30448,35.3972
3,Jalasi Health Centre,JLAS,-14.36297,35.44253
3,Kadango Dispensary,KAD,-14.05946,35.18624
3,Kapire Dream Centre,KADC,,
3,Kapire Health Centre,KPRE,-14.78556,34.99917
3,Katema Health Centre,KTMA,-14.28358,33.908
3,Katuli Health Centre,KTUL,-15.03339,34.641
3,Koche Health Centre,KCHE,-14.33333,35.14333
3,Kukalanga Health Centre,KULG,-14.63722,35.18
3,Lugola Health Centre,LGLA,-13.98556,35.28583
3,Lulanga Health Centre,LLAG,-13.68722,34.91722
3,Lungwena Health Centre,LGWN,-14.24494,35.24842
3,Luwalika Health Centre,LWLK,-14.23803,35.46964
3,Makanjira Health Centre,MKJR,-13.71528,35.04694
3,Malawi Army Marine Camp Hospital,MAMH,,
3,Maldeco Fisheries Clinic,MDCO,,
3,Malembo Health Centre Mangochi,MHCM,-14.23642,34.82536
3,Malombe Health Centre,MLOB,-14.62803,35.34894
3,Malukula Health Centre,MALU,-14.44141,35.35553
3,Mama Khadija Private Clinic Namwera,MKPC,,
3,Mangochi District Hospital,MAGC,-14.48194,35.26472
3,Mase Health Centre,MSEH,-14.58056,35.36389
3,Mkumba Health Centre,MKBA,-14.59444,35.52528
3,Monkeybay Community Hospital,MBCH,-14.085,34.91083
3,Mpondasi Health Centre,MPDS,-14.45333,35.24417
3,Mtimabii Health Centre,MTMB,-14.60824,35.08266
3,Mulibwanji Hospital,MLBJ,-14.512,35.588
3,Namalaka Health Centre,NMLK,-14.12361,35.19305
3,Namwera Health Centre,NMWH,-14.36389,35.50222
3,Nancholi Dispensary,NCLH,-14.47833,35.58667
3,Nangalamu Health Centre,NALH,-14.46806,35.67305
3,Nankhwali Health Centre,NKWL,-14.135,34.84472
3,Nankumba Health Centre,NKBA,-14.36528,34.82361
3,Ngapani Health Centre,NGA,,
3,Nkope Health Centre,NKOH,-14.19708,35.03947
3,Phirilongwe Health Centre,PWHC,-14.58831,34.89847
3,Sinyala Health Centre,SYLA,-14.58102,35.57615
3,Sister Martha Hospital,SIMH,-14.38528,35.53556
3,Somba Health Centre,SOMB,,
3,St Martins Mission Hospital,SMAH,-14.3475,35.29361
20,Achikondi Women Community Friendly  Services Clinic,AWCF,,
20,Chioshya Health Centre,COSH,-13.79583,33.175
20,Chipumi Health Centre,CPMI,-13.62528,33.08139
20,Guillime Mission Hospital,GMH,-13.89,33.07555
20,Gumba Health Centre,GHC,,
20,Home of Hope Clinic,QHHC,,
20,Kaigwazanga Health Centre,KGWG,-13.62667,32.92805
20,Kapanga Health Centre,KPGA,-14.06,33.30611
20,Kapiri Mission Hospital,KMH,-13.56194,33.17361
20,Kochilira Health Centre,KHC,-13.78194,33.04306
20,Ludzi St Josephs Health Centre,LDZI,-13.75861,32.99278
20,Mchinji District Hospital,MCH,-13.8025,32.88722
20,Mikundi Health Centre,MKDI,-13.70778,33.13805
20,Mkanda Health Centre,MKND,-13.51444,32.96083
20,Nkhwazi Health Centre,NKWZ,-13.92333,33.23
20,Tembwe Health Centre,TEHC,-13.90111,33.06194
24,Bondo Health Centre,BODO,-16.0425,35.61389
24,Chambe Health Centre,CHBE,-15.90306,35.49028
24,Chinyama Health Centre,CYMA,-16.15661,35.34083
24,Chisitu Health Centre,CSTU,,
24,Chonde Health Centre,CODE,-15.99733,35.32317
24,Dzenje Maternity,DZJE,-16.11706,35.40589
24,Friends of Mulanje (FOMO),FOMO,,
24,Kambenje Health Centre,KBJE,-15.85311,35.564
24,Lujeri Health Centre,LJRH,,
24,Mbiza Health Centre,MBZA,-16.09281,35.34628
24,Milonde Health Centre,MLDE,-16.10222,35.47833
24,Mimosa Dispensary,MMSA,-16.08556,35.61222
24,Minimini Dispensary,QSPE,-16.036,34.539
24,Mkomaola Health Centre,MKOM,,
24,Mpala Health Centre,MPLA,-16.14389,35.52472
24,Mulanje District Hospital,MDHC,-16.02555,35.5075
24,Mulanje Mission Hospital,MMH,-16.02086,35.4642
24,Mulomba Health Centre,MLBH,-15.76528,35.51194
24,Muloza Health Centre,MLZH,-16.06222,35.76194
24,Namasalima Health Centre Mulanje,NSLM,-16.08028,35.71556
24,Namphungo Health Centre,NPUG,-15.80417,35.34889
24,Namulenga Health Centre,NAMU,-15.86542,35.32747
24,Naphimba Health Centre,NPMH,-16.03363,35.67862
24,Ruo Dispensary,QRUO,,
24,Thembe Health Centre,TMBD,-16.08722,35.43361
24,Thuchila Health Centre,TCHC,-15.91889,35.36111
19,Kunenekude Health Centre,KUNE,-15.46444,34.49111
19,Mwanza District Hospital,MWZH,-15.59761,34.50911
19,Thambani Health Centre,TNHC,-15.72583,34.39972
19,Tulonkhondo Health Centre,THC,-15.74972,34.52306
15,Bwengu Health Centre,BHC,-11.06361,33.91639
15,Care Medical Clinic,CRMQ,,
15,Choma Health Centre,COMA,-11.31289,33.99122
15,Dr Msachi's Clinic,DRMC,,
15,Ekwendeni Mission Hospital,EKDN,-11.20489,33.88336
15,Emsizini Health Centre,EMSZ,-11.44428,33.82497
15,Engucwini Health Post,EGCN,-11.1975,33.82306
15,Enukweni Health Centre,ENKW,-11.18,33.88583
15,Enukweni Mission Health Centre,ENKQ,,
15,ESCOM Clinic Mzuzu,ESCM,,
15,FPAM Clinic Mzuzu,FPMZ,,
15,Kabwafu Health Centre,KBWF,-11.30864,33.52581
15,Kafukule Health Centre,KFKL,-11.45736,33.6338
15,Kamwe Health Centre,KMWE,-11.10306,33.78889
15,Kaweche Health Centre,KAWE,,
15,Khuyukuyu Health Centre,KYKY,-11.22208,33.91447
15,Luvwere Health Centre,LUV,-11.38903,33.67292
15,Luzi Health Centre,LUZI,-10.99686,33.95589
15,MACRO Mzuzu,MCRM,-11.46525,34.01461
15,Malidadi Health Centre,MADI,-11.22889,33.5
15,Manolo Health Centre,MNLO,,
15,MASM Medi Clinic Katoto,MASK,,
15,Matuli Health Centre,MAT,-11.48533,33.89622
15,Moyale Barracks Health Centre,MOY,-11.45967,34.03844
15,Mpherembe Health Centre,MPER,-11.28819,33.61464
15,Mtwalo Health Centre,MTWL,-11.39675,33.74594
15,Mumbwe Medical Centre,MMC,-11.46175,34.02772
15,Mzambazi Community Hospital,MZCH,-11.42764,33.43367
15,Mzuzu Central Hospital,RBWC,-11.42786,33.9955
15,Mzuzu Central Prison,MCP,,
15,Mzuzu Health Centre,MHC,-11.46139,34.015
15,Mzuzu University Clinic,MZUC,,
15,Njuyu Health Centre,NJYU,-11.45728,33.6338
15,Nkhorongo Health Centre,NKRH,-11.39011,33.98492
15,St John of God Clinic,SJGC,,
15,St John's Mission Hospital,SJM,-11.45156,34.02831
15,Sunrise Private Clinic,SRPV,,
15,Thunduwike Health Centre,THHE,-11.17647,33.57611
15,Wezi Medical Centre,WZMC,,
15,BLM Mzimba,MBLM,-11.89861,33.59389
15,Bulala Health Centre,BLLA,-11.67836,33.44803
15,Chikangawa Health Centre,CKGW,-11.84342,33.80064
15,Edingeni Health Centre,EDGN,-12.04083,33.31278
15,Ehehleni Dispensary,EHLN,-12.26211,33.5892
15,Embangweni Mission Hospital,EMH,-12.13686,33.47606
15,Emfeni Health Centre,EHC,-12.59394,33.60972
15,Endindeni Health Centre,EDNI,-11.75789,33.556
15,Euthini Community Hospital,EUTN,-11.45836,33.41925
15,Hoho Health Centre,HOHO,-12.27819,33.68653
15,Jenda Health Centre,JEDA,-12.35208,33.54753
15,Kabuwa Health Centre,KBWA,-12.517,34.07405
15,Kalikumbi Health Centre,KLKB,-12.20403,33.33369
15,Kamteteka Health Centre,KTTK,-11.83678,33.35925
15,Katete Community Hospital,KTET,-14.52361,35.03583
15,Khosolo Health Centre,KHSL,-12.44031,33.79031
15,Lunjika Health Centre,LJKA,-11.76436,33.6857
15,Luwawa Health Centre,LWAW,-12.11342,33.71955
15,Luwelezi Health Centre,LWLZ,-12.48828,33.6413
15,Mabiri Health Centre,MBRI,-12.24625,33.42997
15,Madede Health Centre,MDED,-11.53894,33.29456
15,Manyamula Health Centre,MYLA,-11.94,33.43945
15,Mbalachanda Health Centre,MBCD,-11.35761,33.37119
15,Mhalaunda Health Centre,MHLD,-12.05111,33.46686
15,Mkoma Health Centre,MKMA,-12.61236,33.78253
15,Msese Health Centre,MSHC,-12.35947,33.73994
15,Mtende Health Centre,MTDE,-11.49736,33.54881
15,Mzalangwe Health Centre,NLGW,-11.61231,33.56522
15,Mzimba District Hospital,MDH,-11.89808,33.58428
15,Raiply Clinic,RIPC,,
15,Vibangala Dispensary,VBNG,-12.23436,33.48617
31,Chifunga Health Centre,CFGA,-15.62139,34.70972
31,Dambe Health Centre,DAMQ,,
31,FPAM Clinic Neno,FPCN,,
31,Ligowe Health Centre,LGWE,,
31,Lisungwi Community Hospital,LSGW,-15.43667,34.77333
31,Luwani Health Centre,LWAN,-15.47944,34.7425
31,Magareta Health Centre,MRET,-15.54944,34.63194
31,Matandani Health Centre,MTDN,-15.33056,34.65306
31,Matope Health Centre,MTPE,-15.35361,34.94695
31,Midzemba Health Centre,MIHC,,
31,Msambe Health Centre,NSBH,-15.26167,34.61361
31,Neno District Hospital,NNDH,-15.395,34.65361
31,Neno Parish Health Centre,NPHC,-15.43708,34.60828
31,Nkula Health Centre,NKA,-15.52222,34.82528
31,Tedzani ESCOM Clinic,TEC,,
31,Zalewa PIH,ZDH,-15.523,34.825
7,BLM Nkhatabay,NBLM,,
7,Bula Health Centre,BULA,-11.2225,34.12305
7,Chesamu Health Centre,CHES,-11.85425,34.01839
7,Chikwina Health Centre,CKWN,-11.39708,34.16953
7,Chilambwe Health Centre,CLBW,-11.69117,34.31631
7,Chintheche Rural Hospital,CRH,-11.82611,34.16889
7,Chisala Health Centre,CISL,-11.57444,34.12194
7,Chitheka Health Centre,CTKA,-11.70167,33.95139
7,Kachere Health Centre,KCRE,-12.00306,34.04972
7,Kande Health Centre,KADE,-11.93556,34.10917
7,Kavuzi Health Centre,KAVU,-14.29369,34.62872
7,Khondowe Health Centre,KDOW,-10.59167,34.16667
7,Liuzi Health Centre,LIUZ,-12.18944,34.01556
7,Luwazi Health Centre,LWAZ,-11.51867,34.15125
7,Maula Health Centre,MAHC,-11.735,34.235
7,Mpamba Health Centre,MPBA,-11.54667,34.19722
7,Mzenga Health Centre,MZGH,-11.73236,34.0773
7,Nkhatabay District Hospital,NKHB,-11.60139,34.29833
7,Nkhatabay Private Clinic,QNKH,,
7,Nthungwa Health Centre,NTHC,-11.66,33.80056
7,Usisya Health Centre,USHC,-11.23639,34.20778
6,Alinafe Community Hospital,ALCH,-13.38794,34.24339
6,Benga Health Centre,BGAH,-13.36853,34.27403
6,Bua Health Centre,BUA,-12.79644,34.20961
6,Chididi Health Centre Nkhotakota,CDID,-13.08578,34.31483
6,Dwambazi Rural Hospital,DRH,-12.234,33.99214
6,Dwangwa Cane Growers Association Clinic,DCGC,,
6,Dwangwa Matiki Clinic,DMC,-12.499,34.154
6,Kapili Health Centre,KPLI,-13.21619,34.31144
6,Kasitu Health Centre,KSTU,-16.07422,34.81656
6,Katimbira Health Centre,KTBR,-12.34611,33.61419
6,Liwaladzi Health Centre,LWAH,-12.62072,34.1652
6,Malowa Health Centre,MLOW,-13.18167,34.25145
6,Mazunga Private Clinic,MAZP,,
6,Mpamantha Health Centre,MPMT,-13.06931,34.25222
6,Msenjere Health Centre,MSJR,-12.73261,34.17064
6,Mtosa Health Centre,MTSA,-13.43864,34.27383
6,Mwansambo Health Centre,MWAS,-13.50311,34.13028
6,Ngala Health Centre,NGLH,-12.36517,34.06553
6,Nkhotakota District Hospital,KKHO,-12.92894,34.29239
6,Nkhunga Health Centre,KHHC,-12.48017,34.10822
6,St Anne's Mission Hospital,SAMH,-12.92672,34.29603
6,World Medical Fund,WMD,,
29,Chididi Health Centre Nsanje,CDD,-16.915,35.17378
29,Kalemba Community Hospital,KCM,-16.57539,35.11175
29,Lulwe Health Centre,LULW,-17.08761,35.11417
29,Makhanga Health Centre,MKGA,-16.52175,35.17347
29,Masenjere Health Centre,MJRE,-16.33731,35.09678
29,Mbenje Health Centre,MBJE,-16.99481,35.22086
29,Ndamera Health Centre,NMRH,-17.09575,35.21894
29,Nsanje District Hospital,NJDH,-16.91769,35.25989
29,Nyamithuthu Health Centre,NTTC,-16.68239,35.19835
29,Phokera Health Centre,PKHC,-16.62758,35.16583
29,Sankhulani Health Centre,SHHC,-16.45686,35.25889
29,Sorgin Health Centre,SGHC,-16.54139,35.01445
29,Tengani Health Centre,TGHC,-16.91753,35.27033
29,Tikondane Private Clinic,TQKN,,
29,Trinity Mission Hospital,TRMH,-16.41917,35.17175
25,Bilira Health Centre,BLIL,-14.82561,34.85253
25,Biriwiri Health Centre,BRWR,-14.817,34.63831
25,Bwanje Health Centre,BWAH,-14.64867,34.77469
25,Champiti Health Centre,CMPT,,
25,Chigodi Health Centre,CGDI,-14.492,34.54153
25,Chikande Health Centre,CKDE,-14.77281,34.908
25,Doviko Dispensary,DVKO,-15.08225,34.59072
25,Dzunje Dispensary,DZUN,-14.80783,34.73597
25,FPAM Clinic Ntcheu,FPQN,,
25,Ganya Health Centre,GNYA,-14.60989,34.61811
25,Gowa Heath Centre,GOWA,-14.69897,34.58992
25,Kalimanjira Health Centre,KALI,,
25,Kandeu Health Centre,KDEU,-14.60303,34.61625
25,Kapeni Health Centre,KPEN,-15.00461,34.77
25,Kasinje Health Centre,KSJE,-14.14775,34.13156
25,Katsekera Health Centre,KATS,-10.81278,33.52222
25,Lakeview Health Centre,LKVW,-14.642,34.55355
25,Lizulu Health Centre,LZLU,-14.51772,34.46564
25,Manjawira Maternity,MJWR,-15.00828,34.85964
25,Masasa Health Centre,MSAS,-14.43339,34.42244
25,Matanda Health Centre,MTAD,-15.10531,34.66808
25,Mlanda Health Centre,MLND,-14.47875,34.45964
25,Mlangeni Health Centre,MLGE,-14.67653,34.5368
25,Mphepozinai Dispensary,MPZN,-14.73583,34.66083
25,Mtonda Health Centre,MTND,-15.01992,34.75303
25,Nsipe Health Centre,NSHC,-14.86422,34.75167
25,Nsiyaludzu Health Centre,NSYH,-14.93672,34.87422
25,Ntcheu District Hospital,NUDH,-14.81689,34.63831
25,Nzama Health Centre,NHC,-14.89353,34.58592
25,Senzani Health Centre,SZHC,-15.07864,34.85786
25,Sharpe Valley Health Centre,SVM,-14.61117,34.73672
25,Sister Theresa Community Hospital Mikoke,STCH,-14.99925,34.82819
25,Tsangano Health Centre,TSHC,-15.17392,34.61092
8,Chinguluwe Health Centre Ntchisi,CGHC,-13.26153,33.86847
8,Chinthembwe Health Centre,CNBW,-13.42889,33.90833
8,Kangolwa Health Centre,KGRW,-13.37033,34.07039
8,Kansonga Health Centre Ntchisi,KNSG,-13.27406,33.79945
8,Khuwi Health Centre,KHWI,-13.43181,33.83395
8,Malambo St Theresa Health Centre,TSMC,,
8,Malomo Health Centre,MLMO,-13.149,33.838
8,Mkhuzi Health Centre,MKZI,-13.36644,33.77672
8,Mzandu Health Centre,MZDH,-13.48908,34.02767
8,Ntchisi District Hospital,NDH,-13.36333,33.91103
8,Nthondo Health Centre,NHCN,-13.24714,34.02322
26,Chiringa CHAM Health Centre,CHCC,,
26,Chiringa Maternity,CRGA,-15.77244,35.76964
26,Chitekesa Health Centre,CTKS,-15.55189,35.57275
26,Kalinde Health Centre,KLDE,-15.67206,35.72844
26,Migowi Health Centre,MGWI,-15.71944,35.68544
26,Mpasa Health Centre,MPAS,-15.75783,35.61139
26,Mulungu Alinafe Clinic,MALI,,
26,Mwanga Health Centre,MWAG,-15.64611,35.53194
26,Nambazo Health Centre,NBZH,-15.55669,35.81922
26,Nazombe Health Centre (Gogo Nazombe),GNBE,,
26,Nkhulambe Health Centre,NKBH,-15.85811,35.75136
26,Nkhwayi Health Centre,MKYI,-15.61444,35.62778
26,Phalombe Health Centre,PLHC,-15.80617,35.6488
26,Phalombe Mission Hospital Holy Family,PHFH,-15.82469,35.61872
26,Sukasanje Health Centre,SUHC,-15.93047,35.76542
13,BLM Rumphi,RBLM,-11.0225,33.85547
13,Bolero Rural Hospital,BLRO,-10.97861,33.74306
13,Chitimba Health Centre,CTMB,-10.59783,34.17028
13,Eva Demaya Centre,EDC,-10.95992,33.6485
13,Katowo Health Centre,KTWO,-12.75744,34.21761
13,Livingstonia Mission Hospital,GLMH,-10.60417,34.11097
13,Lura Health Centre,LURA,-10.72366,34.04407
13,Luwuchi Health Centre,LWCI,-10.68361,34.19258
13,Mhuju Rural Hospital,MHJU,-10.86667,33.9975
13,Mlowe Health Centre,MLWE,-10.76431,34.19489
13,Mphompha Health Centre,MPHM,-11.00606,34.07294
13,Mwazisi Health Centre,MZSI,-10.94389,33.57889
13,Mzokoto Health Centre,MZKH,-10.90778,34.02714
13,Ng'onga Health Centre,NNGA,-10.93649,33.94343
13,Nthenje Dispensary,NNJE,-10.91789,33.98803
13,Rumphi District Hospital,RDH,-11.01972,33.85417
13,St Patricks Health Centre,SPHC,-11.02278,33.87305
13,Tcharo Dispensary,TCHD,-10.96214,34.22286
16,Chagunda Health Centre,CGDA,-13.87774,34.36712
16,Chinguluwe Health Centre Salima,CGLW,-13.66472,34.385
16,Chipoka Health Centre,CPKA,-13.9895,34.51556
16,Chitala Health Centre,CTLA,-13.67178,34.27158
16,Kaphatenga Health Centre,KPAT,-13.76269,34.38356
16,Katawa Health Centre,KTHC,,
16,Khombedza Health Centre,KBDZ,-13.763,34.383
16,Life Line Salima Health Centre,LLSH,-14.08898,34.54478
16,Lifuwu Health Centre,LFWH,-13.679,34.589
16,Mafco Health Centre,MFCO,-13.78447,34.60355
16,Maganga Health Centre,MGGA,-13.84678,34.55914
16,Makiyoni Health Centre,MKYN,-13.58625,34.19725
16,Mchoka Health Centre,MCOK,-13.92633,34.48986
16,Ngodzi Health Centre,NZHC,-14.08997,34.51139
16,Parachute Battalion Clinic,PRBC,-14.08898,34.54478
16,Salima District Hospital,SDH,-13.76178,34.42183
16,Senga Bay Baptist Medical Clinic,SBMC,-13.74117,34.59536
16,Thavite Health Centre,TVHC,-13.49906,34.26125
22,Amalika Health Centre,AMLK,-15.98942,35.0316
22,Bvumbwe Research Health Centre,BRHC,-15.8905,35.06825
22,Changata Health Centre,CGAT,-16.23239,35.14756
22,Chimaliro Health Centre,CMLR,-15.978,35.18292
22,Chimvu Health Centre,CMVU,-15.60867,35.12314
22,Chingazi Health Centre,CGZI,-15.91839,35.20605
22,Chipho Health Centre,CPHO,-16.17153,35.11022
22,Chisoka Health Centre,CSKA,,
22,Didi Health Centre,DIDI,,
22,Gombe Health Centre,GMBE,-16.38347,35.23061
22,Hallena Oakley Ntambanyama Health Centre,HOHC,-16.12669,35.0845
22,Khonjeni Health Centre,KJNH,-16.09669,35.27142
22,Makapwa Health Centre,MKPW,-16.1835,35.28
22,Makungwa Health Centre,MKGW,-15.93967,35.02636
22,Makwasa Estate Clinic,MKWS,,
22,Malamulo Mission Hospital,MLML,-16.17144,35.10942
22,Mangunda Health Centre,MGDA,-16.02886,35.26144
22,Mapanga Maternity,MPGA,-16.27617,35.19695
22,Mchima Clinic,MCIM,,
22,Mianga Health Centre,MAGA,,
22,Mikolongwe Health Centre,MKLG,-15.9015,35.18375
22,Mitengo Health Centre St Joseph,MTGO,-16.11089,35.24564
22,Naming'omba Health Centre,NMGH,,
22,Nsabwe Health Centre,NSAB,-16.33817,35.20047
22,Sambankhanga Health Centre,SKHC,,
22,Satemwa Clinic,SATC,,
22,St Martins Molere Health Centre,SMMC,-16.21764,35.13575
22,Thekerani Health Centre,TKHC,-16.32106,35.20716
22,Thomasi Health Centre,TMHC,-16.02783,34.97967
22,Thunga Health Centre,THHC,,
22,Thyolo District Hospital,THD,-16.07019,35.15219
22,Zoa Health Centre,ZOHC,-16.23769,35.19978
9,AHI Private Clinic,AHIC,-15.80397,34.4765
9,Bimbi Health Centre,BMBI,-15.30922,35.47944
9,BLM Zomba,ZBLM,,
9,Chamba Health Centre,CMBA,-15.46567,35.51647
9,Chancellor College Clinic,CNCC,,
9,Changalume Barracks Clinic,MBCC,,
9,Chilipa Health Centre Zomba,CHLP,-15.3245,35.11692
9,Chinamwali Private Clinic,CNML,,
9,Chingale Health Centre,CGLE,-15.39692,35.18056
9,Chipini Health Centre,CPNI,-15.38981,35.09522
9,City Clinic Zomba,CCZ,,
9,Cobbe Barracks Hospital,CBH,-15.39075,35.30497
9,Domasi Rural Hospital,DMSI,-15.28083,35.39906
9,H. Parker Sharp Health Centre (Domasi CCAP),HPS,-15.29908,35.36083
9,Lambulira Health Centre,LMBR,-15.48356,35.33683
9,Likangala Health Centre,LKGL,-15.42783,35.54447
9,Machinjiri Health Centre,MCJR,-15.23425,35.4178
9,Maera Health Centre,MAER,,
9,Magomero Health Centre,MGMR,-15.55639,35.26272
9,Makwapala Health Centre,MKPL,-15.36936,35.45694
9,MASM Medi Clinic Zomba,MASZ,,
9,Matawale Health Centre,MTWA,-15.39044,35.35947
9,Matiya Health Centre,MTYA,-15.53397,35.54725
9,Mayaka Health Centre,MYKA,-15.57314,35.37294
9,Mmambo Health Centre,MMAB,-15.25997,35.15946
9,Mwandama Health Centre,MWDM,,
9,Naisi Health Centre,NAIH,-15.3552,35.38504
9,Namadidi Health Centre,NHEC,,
9,Namasalima Health Centre Zomba,NMSA,-15.23133,35.48883
9,Namikango Health Centre,KAGH,-15.47731,35.2407
9,Nasawa Health Centre,NAWH,-15.60231,35.25956
9,Ngwelero Health Centre,NGLR,-15.66714,35.42794
9,Nkasala Health Centre,NKL,-15.32789,35.21703
9,Pirimiti Health Centre,PMHC,-15.48281,35.451
9,Police College Hospital Zomba,PCHZ,-15.39083,35.32706
9,Sadzi Health Centre,SADZ,,
9,St Lukes Mission Hospital,SLMH,-15.209,35.35264
9,State House Dispensary,STHD,-15.38153,35.31017
9,Thondwe Health Centre,TDHC,-15.48453,35.23722
9,Zilindo Health Centre,ZILD,,
9,Zomba Central Hospital,ZCH,-15.39914,35.31286
9,Zomba Central Prison Clinic,ZCP,-15.39506,35.32417
9,Zomba Mental Hospital,ZMH,-15.39889,35.30467
33,Foreign Country,FC,0,0
