date_voided,void_reason,voided_by,voided,uuid,creator,name,concept_name_id,concept_id,date_created,locale
,,,0,1,1,HIV-related diseases,1,1,2007-05-04T07:39:18.000Z,en
,,,0,2,1,Urine-LAM / CrAg Result,2,2,2007-05-04T07:39:18.000Z,en
,,,0,3,1,WHO Stage,3,3,2007-05-04T07:39:18.000Z,en
,,,0,4,1,CD4,4,4,2007-05-04T07:39:18.000Z,en
,,,0,5,1,CD4 Date,5,5,2007-05-04T07:39:18.000Z,en
,,,0,6,1,Height,6,6,2007-05-04T07:39:18.000Z,en
,,,0,7,1,Weight,7,7,2007-05-04T07:39:18.000Z,en
,,,0,8,1,Age at Init.,8,8,2007-05-04T07:39:18.000Z,en
,,,0,9,1,TB Status at Initiation,9,9,2007-05-04T07:39:18.000Z,en
,,,0,10,1,KS,10,10,2007-05-04T07:39:18.000Z,en
,,,0,11,1,Pregnant / BreastFeedg,11,11,2007-05-04T07:39:18.000Z,en
,,,0,12,1,Ever taken ARVs,12,12,2007-05-04T07:39:18.000Z,en
,,,0,13,1,Last ARVs drug,13,13,2007-05-04T07:39:18.000Z,en
,,,0,14,1,Last ARVs date,14,14,2007-05-04T07:39:18.000Z,en
,,,0,15,1,"Site, HTC Serial No.",15,15,2007-05-04T07:39:18.000Z,en
,,,0,16,1,Test Date,16,16,2007-05-04T07:39:18.000Z,en
,,,0,17,1,Test,17,17,2007-05-04T07:39:18.000Z,en
,,,0,18,1,ART educat. Done,18,18,2007-05-04T07:39:18.000Z,en
,,,0,19,1,ART educat. Done Date,19,19,2007-05-04T07:39:18.000Z,en
,,,0,20,1,TB treatm. Reg. No.,20,20,2007-05-04T07:39:18.000Z,en
,,,0,21,1,TB treatm. Start Date,21,21,2007-05-04T07:39:18.000Z,en
,,,0,22,1,ART Regimens Regimen,22,22,2007-05-04T07:39:18.000Z,en
,,,0,23,1,ART Regimens Start Date,23,23,2007-05-04T07:39:18.000Z,en
,,,0,24,1,Current ART Regimens Regimen,24,24,2007-05-04T07:39:18.000Z,en
,,,0,25,1,Current ART Regimens Start Date,25,25,2007-05-04T07:39:18.000Z,en
,,,0,26,1,Annual BP screening for 30+yrs sys,26,26,2007-05-04T07:39:18.000Z,en
,,,0,27,1,Annual BP screening for 30+yrs dias,27,27,2007-05-04T07:39:18.000Z,en
,,,0,28,1,Transfer-In Date,28,28,2007-05-04T07:39:18.000Z,en
,,,0,29,1,ART Reg no,29,29,2007-05-04T07:39:18.000Z,en
,,,0,30,1,Child HCC no,30,30,2007-05-04T07:39:18.000Z,en
,,,0,31,1,Year,31,31,2007-05-04T07:39:18.000Z,en
,,,0,32,1,Visit Date,32,32,2007-05-04T07:39:18.000Z,en
,,,0,33,1,Weight,33,33,2007-05-04T07:39:18.000Z,en
,,,0,34,1,Pregnant / Breastfeed,34,34,2007-05-04T07:39:18.000Z,en
,,,0,35,1,TB Status (Current)*,35,35,2007-05-04T07:39:18.000Z,en
,,,0,36,1,Side Effects,36,36,2007-05-04T07:39:18.000Z,en
,,,0,37,1,Pill Count,37,37,2007-05-04T07:39:18.000Z,en
,,,0,38,1,Doses Missed,38,38,2007-05-04T07:39:18.000Z,en
,,,0,39,1,ART Regimen,39,39,2007-05-04T07:39:18.000Z,en
,,,0,40,1,ARVs Given No. of tablets,40,40,2007-05-04T07:39:18.000Z,en
,,,0,41,1,ARVs Given To,41,41,2007-05-04T07:39:18.000Z,en
,,,0,42,1,CPT / IPT Given Options,42,42,2007-05-04T07:39:18.000Z,en
,,,0,43,1,CPT / IPT Given No. of tablets,43,43,2007-05-04T07:39:18.000Z,en
,,,0,44,1,Months on ART,44,44,2007-05-04T07:39:18.000Z,en
,,,0,45,1,Viral Load Sample taken,45,45,2007-05-04T07:39:18.000Z,en
,,,0,46,1,Viral Load Result,46,46,2007-05-04T07:39:18.000Z,en
,,,0,47,1,Next Appointment / Outcome Date,47,47,2007-05-04T07:39:18.000Z,en
,,,0,48,1,Adverse Outcome,48,48,2007-05-04T07:39:18.000Z,en
,,,0,49,1,Family Planning Depo Given,49,48,2007-05-04T07:39:18.000Z,en
,,,0,50,1,Family Planning Depo No of Condom,50,50,2007-05-04T07:39:18.000Z,en
,,,0,51,1,Height (cm),51,51,2007-05-04T07:39:18.000Z,en
,,,0,52,1,Age (curr),52,52,2007-05-04T07:39:18.000Z,en
