name,retire_reason,retired_by,uuid,creator,date_retired,concept_datatype_id,hl7_abbreviation,description,retired,date_created
Boolean,,,e093eb7a-df1a-11de-a277-0026181bb84d,1,,10,BIT,"Boolean value (yes/no, true/false)",0,2004-08-25T22:00:00.000Z
Rule,,,e093ecb0-df1a-11de-a277-0026181bb84d,1,,11,ZZ,Value derived from other data,0,2006-09-11T11:22:00.000Z
Numeric,,,e093d4aa-df1a-11de-a277-0026181bb84d,1,,1,NM,"Numeric value, including integer or float (e.g., creatinine, weight)",0,2004-02-01T22:00:00.000Z
Structured Numeric,,,e093ede6-df1a-11de-a277-0026181bb84d,1,,12,SN,"Complex numeric values possible (ie, <5, 1-10, etc.)",0,2005-08-05T22:00:00.000Z
Complex,,,e093ef1c-df1a-11de-a277-0026181bb84d,1,,13,ED,Complex value.  Analogous to HL7 Embedded Datatype,0,2008-05-28T10:25:34.000Z
Coded,,,e093d752-df1a-11de-a277-0026181bb84d,1,,2,CWE,"Value determined by term dictionary lookup (i.e., term identifier)",0,2004-02-01T22:00:00.000Z
Text,,,e093d8a6-df1a-11de-a277-0026181bb84d,1,,3,ST,Free text,0,2004-02-01T22:00:00.000Z
N/A,,,e093d9e6-df1a-11de-a277-0026181bb84d,1,,4,ZZ,"Not associated with a datatype (e.g., term answers, sets)",0,2004-02-01T22:00:00.000Z
Document,,,e093db1c-df1a-11de-a277-0026181bb84d,1,,5,RP,"Pointer to a binary or text-based document (e.g., clinical document, RTF, XML, EKG, image, etc.) stored in complex_obs table",0,2004-04-14T22:00:00.000Z
Date,,,e093dc52-df1a-11de-a277-0026181bb84d,1,,6,DT,Absolute date,0,2004-07-21T22:00:00.000Z
Time,,,e093e904-df1a-11de-a277-0026181bb84d,1,,7,TM,Absolute time of day,0,2004-07-21T22:00:00.000Z
Datetime,,,e093ea4e-df1a-11de-a277-0026181bb84d,1,,8,TS,Absolute date and time,0,2004-07-21T22:00:00.000Z
Json,,,e093ea4b-df1a-11de-a277-0026181bb84d,1,,14,JS,Json,0,2004-07-21T22:00:00.000Z
