name,retire_reason,encounter_type_id,retired_by,uuid,creator,date_retired,description,retired,date_created
ART REGISTRATION,,1,,1,1,,"An ART Encounter, for patient registration at enrollment",false,2010-01-10T21:32:11.000Z
ART STATUS AT INITIATION,,2,,2,1,,"An ART Encounter, for patient status at initiation",false,2010-01-10T21:32:11.000Z
ART CONFIRMATORY HIV BEFORE START,,3,,3,1,,"An ART Encounter, for patient HIV test before Start",false,2010-01-10T21:32:11.000Z
ART VISIT,,4,,4,1,,"An ART Encounter, for patient visit",false,2010-01-10T21:32:11.000Z
