name,required,validator,format,retire_reason,check_digit,retired_by,patient_identifier_type_id,uuid,creator,date_retired,description,format_description,retired,date_created
MDR-TB Program Identifier,0,,,,0,,11,11,1,,MDR-TB Program Identifier,,0,2010-01-10T21:32:11.000Z
OpenMRS Identification Number,0,,,,0,,1,1,1,,Unique number used in OpenMRS,,0,2010-01-10T21:32:11.000Z
Old Identification Number,0,,,,0,,2,2,1,,Number given out prior to the OpenMRS system (No check digit),,0,2010-01-10T21:32:11.000Z
National id,0,,,,0,,3,3,1,,National ID number developed by Baobab,,0,2010-01-10T21:32:11.000Z
ARV Number,0,,,,0,,4,4,1,,Unique ID Number for Patients in ARV Treatment Program,,0,2010-01-10T21:32:11.000Z
Pre ART Number,0,,,,0,,5,5,1,,Sequential number given to patients enrolled in Pre-ART program,,0,2010-01-10T21:32:11.000Z
VHW ID,0,,,,0,,6,6,1,,Village Health Worker ID#,,0,2010-01-10T21:32:11.000Z
District TB Number,0,,,,0,,7,7,1,,Ministry of Health identification number for TB patients,,0,2010-01-10T21:32:11.000Z
Dummy ID,0,,,,0,,8,8,1,,Dummy ID for test patients,,0,2010-01-10T21:32:11.000Z
EID Number,0,,,,0,,9,9,1,,Early Infant Diagnosis number.  Example: 3009-9009-1,,0,2010-01-10T21:32:11.000Z
Unknown ID,0,,,,0,,10,10,1,,Unknown ID as scanned by mateme,,0,2010-01-10T21:32:11.000Z
